{"cameraMode":{"drawMode":0,"name":"Shaded","section":"Shading Mode"},"sceneLighting":true,"audioPlay":false,"sceneViewState":{"showFog":true,"showMaterialUpdate":false,"showSkybox":true,"showFlares":true,"showImageEffects":true,"showParticleSystems":true},"in2DMode":false,"pivot":{"x":-0.029999971389770509,"y":1.5299999713897706,"z":34.56999969482422},"rotation":{"x":0.09584878385066986,"y":-0.008958498947322369,"z":0.0008626506896689534,"w":0.9953555464744568},"size":2.1118710041046144,"orthographic":false}