{"cameraMode":{"drawMode":0,"name":"Shaded","section":"Shading Mode"},"sceneLighting":false,"audioPlay":false,"sceneViewState":{"showFog":true,"showMaterialUpdate":false,"showSkybox":true,"showFlares":true,"showImageEffects":true,"showParticleSystems":true},"in2DMode":false,"pivot":{"x":-1.8699579238891602,"y":0.22657309472560883,"z":0.5414534211158752},"rotation":{"x":-0.003568448591977358,"y":-0.4022708833217621,"z":0.001568542909808457,"w":-0.9155124425888062},"size":1.7813888788223267,"orthographic":false}